{"cameraMode":{"drawMode":0,"name":"Shaded","section":"Shading Mode"},"sceneLighting":false,"audioPlay":false,"sceneViewState":{"showFog":true,"showMaterialUpdate":false,"showSkybox":false,"showFlares":true,"showImageEffects":true,"showParticleSystems":true},"in2DMode":false,"pivot":{"x":0.0,"y":0.7499999403953552,"z":-1.1920928955078126e-7},"rotation":{"x":0.19337144494056703,"y":0.7572274208068848,"z":-0.568318784236908,"w":0.25782084465026858},"size":2.4749999046325685,"orthographic":true}