{"cameraMode":{"drawMode":0,"name":"Shaded","section":"Shading Mode"},"sceneLighting":false,"audioPlay":false,"sceneViewState":{"showFog":true,"showMaterialUpdate":false,"showSkybox":false,"showFlares":true,"showImageEffects":true,"showParticleSystems":true},"in2DMode":false,"pivot":{"x":0.06567192077636719,"y":0.16374707221984864,"z":-0.04323136806488037},"rotation":{"x":0.3134191036224365,"y":-0.6327040791511536,"z":0.31094682216644289,"w":0.6364116072654724},"size":7.698243141174316,"orthographic":true}