{"cameraMode":{"drawMode":0,"name":"Shaded","section":"Shading Mode"},"sceneLighting":false,"audioPlay":false,"sceneViewState":{"showFog":true,"showMaterialUpdate":false,"showSkybox":false,"showFlares":true,"showImageEffects":true,"showParticleSystems":true},"in2DMode":false,"pivot":{"x":2.0,"y":-99.99999237060547,"z":-0.0000011920928955078126},"rotation":{"x":0.020853953436017038,"y":0.9297928214073181,"z":-0.053348708897829059,"w":0.3639334738254547},"size":377.75738525390627,"orthographic":true}