{"cameraMode":{"drawMode":0,"name":"Shaded","section":"Shading Mode"},"sceneLighting":false,"audioPlay":false,"sceneViewState":{"showFog":true,"showMaterialUpdate":false,"showSkybox":false,"showFlares":true,"showImageEffects":true,"showParticleSystems":true},"in2DMode":false,"pivot":{"x":0.0,"y":-1.1920928955078126e-7,"z":-0.7500008344650269},"rotation":{"x":-0.2390788495540619,"y":0.11965151876211167,"z":-0.029700690880417825,"w":-0.9631426334381104},"size":2.4750027656555177,"orthographic":false}