{"cameraMode":{"drawMode":0,"name":"Shaded","section":"Shading Mode"},"sceneLighting":false,"audioPlay":false,"sceneViewState":{"showFog":true,"showMaterialUpdate":false,"showSkybox":false,"showFlares":true,"showImageEffects":true,"showParticleSystems":true},"in2DMode":false,"pivot":{"x":-0.060422301292419437,"y":-1.381800889968872,"z":-0.03601109981536865},"rotation":{"x":-0.10563578456640244,"y":-0.8618751764297485,"z":0.45396193861961367,"w":-0.2004178762435913},"size":7.5990824699401859,"orthographic":true}