{"cameraMode":{"drawMode":0,"name":"Shaded","section":"Shading Mode"},"sceneLighting":false,"audioPlay":false,"sceneViewState":{"showFog":true,"showMaterialUpdate":false,"showSkybox":false,"showFlares":true,"showImageEffects":true,"showParticleSystems":true},"in2DMode":false,"pivot":{"x":2.0,"y":-109.99999237060547,"z":-0.0000011920928955078126},"rotation":{"x":-0.20611925423145295,"y":-0.6886224746704102,"z":0.661465048789978,"w":-0.21449081599712373},"size":377.75738525390627,"orthographic":true}