{"cameraMode":{"drawMode":0,"name":"Shaded","section":"Shading Mode"},"sceneLighting":false,"audioPlay":false,"sceneViewState":{"showFog":true,"showMaterialUpdate":false,"showSkybox":false,"showFlares":true,"showImageEffects":true,"showParticleSystems":true},"in2DMode":false,"pivot":{"x":0.0022096633911132814,"y":-0.0074956417083740238,"z":0.009465217590332032},"rotation":{"x":0.41703495383262637,"y":-0.14537763595581056,"z":0.06777036935091019,"w":0.8946270942687988},"size":7.3370537757873539,"orthographic":false}