{"cameraMode":{"drawMode":0,"name":"Shaded","section":"Shading Mode"},"sceneLighting":false,"audioPlay":false,"sceneViewState":{"showFog":true,"showMaterialUpdate":false,"showSkybox":false,"showFlares":true,"showImageEffects":true,"showParticleSystems":true},"in2DMode":false,"pivot":{"x":-2.989924430847168,"y":-62.77521514892578,"z":0.5046749114990234},"rotation":{"x":0.3134191036224365,"y":-0.6327040791511536,"z":0.31094682216644289,"w":0.6364116072654724},"size":250.6190948486328,"orthographic":true}