{"cameraMode":{"drawMode":0,"name":"Shaded","section":"Shading Mode"},"sceneLighting":false,"audioPlay":false,"sceneViewState":{"showFog":true,"showMaterialUpdate":false,"showSkybox":false,"showFlares":true,"showImageEffects":true,"showParticleSystems":true},"in2DMode":false,"pivot":{"x":0.1459827423095703,"y":3.2364864349365236,"z":-0.25},"rotation":{"x":-0.09000778198242188,"y":-0.48546096682548525,"z":0.0501435212790966,"w":-0.8682971596717835},"size":10.45468807220459,"orthographic":true}