{"cameraMode":{"drawMode":0,"name":"Shaded","section":"Shading Mode"},"sceneLighting":true,"audioPlay":false,"sceneViewState":{"showFog":true,"showMaterialUpdate":false,"showSkybox":true,"showFlares":true,"showImageEffects":true,"showParticleSystems":true},"in2DMode":false,"pivot":{"x":1.5500003099441529,"y":20.520999908447267,"z":-3.125000476837158},"rotation":{"x":-0.3524804413318634,"y":0.2530510723590851,"z":-0.09960894286632538,"w":-0.8954659700393677},"size":5.1112165451049809,"orthographic":true}