{"cameraMode":{"drawMode":0,"name":"Shaded","section":"Shading Mode"},"sceneLighting":false,"audioPlay":false,"sceneViewState":{"showFog":true,"showMaterialUpdate":false,"showSkybox":false,"showFlares":true,"showImageEffects":true,"showParticleSystems":true},"in2DMode":false,"pivot":{"x":-0.9811210632324219,"y":-41.54225540161133,"z":-0.00034236907958984375},"rotation":{"x":-0.12177380174398422,"y":-0.8456913232803345,"z":0.21795281767845155,"w":-0.4719133675098419},"size":180.08657836914063,"orthographic":true}