{"cameraMode":{"drawMode":0,"name":"Shaded","section":"Shading Mode"},"sceneLighting":false,"audioPlay":false,"sceneViewState":{"showFog":true,"showMaterialUpdate":false,"showSkybox":false,"showFlares":true,"showImageEffects":true,"showParticleSystems":true},"in2DMode":false,"pivot":{"x":276.93743896484377,"y":632.092041015625,"z":62.800804138183597},"rotation":{"x":-0.0245760977268219,"y":0.3631833791732788,"z":0.009603661485016346,"w":0.9314546585083008},"size":434.5535888671875,"orthographic":true}