{"cameraMode":{"drawMode":0,"name":"Shaded","section":"Shading Mode"},"sceneLighting":false,"audioPlay":false,"sceneViewState":{"showFog":true,"showMaterialUpdate":false,"showSkybox":false,"showFlares":true,"showImageEffects":true,"showParticleSystems":true},"in2DMode":false,"pivot":{"x":-120.00812530517578,"y":-594.1874389648438,"z":16.981874465942384},"rotation":{"x":-0.01497761532664299,"y":0.5081340074539185,"z":0.008836550638079644,"w":0.8611072897911072},"size":0.47264230251312258,"orthographic":false}