{"cameraMode":{"drawMode":0,"name":"Shaded","section":"Shading Mode"},"sceneLighting":false,"audioPlay":false,"sceneViewState":{"showFog":true,"showMaterialUpdate":false,"showSkybox":false,"showFlares":true,"showImageEffects":true,"showParticleSystems":true},"in2DMode":false,"pivot":{"x":0.0,"y":-2.384185791015625e-7,"z":-1.4999998807907105},"rotation":{"x":0.01938636414706707,"y":0.9549660086631775,"z":-0.2894607186317444,"w":0.06418784707784653},"size":8.692641258239746,"orthographic":true}