{"cameraMode":{"drawMode":0,"name":"Shaded","section":"Shading Mode"},"sceneLighting":false,"audioPlay":false,"sceneViewState":{"showFog":true,"showMaterialUpdate":false,"showSkybox":false,"showFlares":true,"showImageEffects":true,"showParticleSystems":true},"in2DMode":false,"pivot":{"x":-119.4000015258789,"y":-594.0,"z":17.09149932861328},"rotation":{"x":0.08893188834190369,"y":0.03645015507936478,"z":-0.0032582965213805439,"w":0.9953677654266357},"size":2.5726420879364015,"orthographic":false}