{"cameraMode":{"drawMode":0,"name":"Shaded","section":"Shading Mode"},"sceneLighting":false,"audioPlay":false,"sceneViewState":{"showFog":true,"showMaterialUpdate":false,"showSkybox":false,"showFlares":true,"showImageEffects":true,"showParticleSystems":true},"in2DMode":false,"pivot":{"x":0.0,"y":-2.9842495918273927,"z":-0.012499809265136719},"rotation":{"x":0.42480573058128359,"y":0.5210816264152527,"z":-0.33534330129623415,"w":0.6601537466049194},"size":54.975318908691409,"orthographic":true}