{"cameraMode":{"drawMode":0,"name":"Shaded","section":"Shading Mode"},"sceneLighting":false,"audioPlay":false,"sceneViewState":{"showFog":true,"showMaterialUpdate":false,"showSkybox":false,"showFlares":true,"showImageEffects":true,"showParticleSystems":true},"in2DMode":false,"pivot":{"x":1.4154248237609864,"y":2.115386962890625,"z":2.771373748779297},"rotation":{"x":0.37611204385757449,"y":-0.10445466637611389,"z":0.04271959140896797,"w":0.919677734375},"size":21.451282501220704,"orthographic":false}